customer_id,customer_name,region_id
1,Customer_1,3
2,Customer_2,4
3,Customer_3,1
4,Customer_4,3
5,Customer_5,3
6,Customer_6,4
7,Customer_7,1
8,Customer_8,1
9,Customer_9,3
10,Customer_10,2
11,Customer_11,3
12,Customer_12,3
13,Customer_13,3
14,Customer_14,3
15,Customer_15,4
16,Customer_16,1
17,Customer_17,4
18,Customer_18,4
19,Customer_19,4
20,Customer_20,3
21,Customer_21,2
22,Customer_22,1
23,Customer_23,2
24,Customer_24,4
25,Customer_25,4
26,Customer_26,2
27,Customer_27,2
28,Customer_28,2
29,Customer_29,4
30,Customer_30,4
31,Customer_31,1
32,Customer_32,1
33,Customer_33,4
34,Customer_34,2
35,Customer_35,2
36,Customer_36,1
37,Customer_37,4
38,Customer_38,1
39,Customer_39,1
40,Customer_40,3
41,Customer_41,3
42,Customer_42,3
43,Customer_43,2
44,Customer_44,4
45,Customer_45,4
46,Customer_46,4
47,Customer_47,4
48,Customer_48,3
49,Customer_49,2
50,Customer_50,2
51,Customer_51,3
52,Customer_52,2
53,Customer_53,3
54,Customer_54,4
55,Customer_55,3
56,Customer_56,4
57,Customer_57,4
58,Customer_58,1
59,Customer_59,3
60,Customer_60,1
61,Customer_61,3
62,Customer_62,3
63,Customer_63,1
64,Customer_64,1
65,Customer_65,3
66,Customer_66,2
67,Customer_67,4
68,Customer_68,1
69,Customer_69,4
70,Customer_70,2
71,Customer_71,2
72,Customer_72,2
73,Customer_73,1
74,Customer_74,2
75,Customer_75,1
76,Customer_76,2
77,Customer_77,4
78,Customer_78,4
79,Customer_79,3
80,Customer_80,4
81,Customer_81,3
82,Customer_82,4
83,Customer_83,1
84,Customer_84,4
85,Customer_85,3
86,Customer_86,3
87,Customer_87,2
88,Customer_88,1
89,Customer_89,4
90,Customer_90,2
91,Customer_91,4
92,Customer_92,4
93,Customer_93,2
94,Customer_94,2
95,Customer_95,2
96,Customer_96,2
97,Customer_97,2
98,Customer_98,4
99,Customer_99,2
100,Customer_100,1
